empresa,pabellon,stand,ciudad,representante,email_principal,emails_adicionales,total_emails,descripcion_negocio,sitio_web
Austin Ingenieros Chile Ltda.,Exterior A,026A,Antofagasta,Felipe Ramírez (Gte. Comercial),sales@austineng.co.id,sales@austineng.com.au | sales@austining.cl | sales@wstch.com | admin@mainetec.com.au | austbore@austineng.com.au | enquiry@austineng.com.au | parts@austineng.com.au,8,"Discover top-tier engineering solutions and services from one of the leading mining equipment manufacturers, Austin Engi",www.austining.cl
ELB - Transportes El Libertador,Exterior A,025,Chile,No encontrado,antofagasta@elb.cl,copiapo@elb.cl | pozoalmonte@elb.cl | santiago@elb.cl,4,"El Libertador Somos un partner logístico, especialistas en el transporte de carga segura Servicios Hacemos transporte de",www.elb.cl
Emeser Ltda.,Exterior A,029,Chile,No encontrado,lisandrovasquez@emeser.cl,,1,"Especialistas en reparaciÃ³n de asientos Grammer, ISRI y KAB, frenos hidrÃ¡ulicos CAEX y mantenimiento de cabinas para e",www.emeser.cl
Loa Rental SpA,Exterior A,031,Antofagasta,No encontrado,contacto@loarental.cl,,1,"Loa Rental Ir al contenido CONSTRUCCIÓN, MANTENCIÓN, ARRIENDO DE EQUIPOS Y SERVICIOS MULTIDISCIPLINARIOS CONSTRUCCIÓN, M",www.loarental.cl
Mine Trust SpA,Exterior A,035,Chile,No encontrado,contacto@minetrust.com,,1,La Confiabilidad que Mantiene en Marcha a la Gran Minería.,www.minetrust.com
Radiadores Gómez Ltda.,Exterior A,008-010,Chile,No encontrado,contacto@rgomez.cl,aibacache@rgomez.cl,2,Radiadores Gómez – Radiadores industriales Ir al contenido Menu Contacto Expertos en Transferencia de Calor Más de 50 añ,www.rgomez.cl
Sociedad Comercial Socoval SpA,Exterior A,011,Chile,No encontrado,contacto@coval.cl,ejemplo@correo.com,2,"Servicios financieros 100% digitales para el desarrollo de empresas: Factoring, Leasing y Capital de Trabajo. Descubre C",www.coval.cl
Sumin Chile Spa.,Exterior A,001,Chile,No encontrado,ventas@suminchile.cl,,1,"Suminchile | Minera y Sector Industrial. INNOVACIÓN QUE CONSTRUYE, CALIDAD QUE PERDURA SERVICIOS PARA LA MINERÍA Y SECTO",www.suminchile.cl
Zamine Service Chile SpA,Exterior A,012-023,Santiago,No encontrado,info@zamineservice.com,,1,"ZAMine is a subsidiary of Marubeni Group, is a full service provider involved in mining equipment.",www.zamineservice.com
American Parts SpA,Exterior B,46,Chile,No encontrado,info@americanparts.cl,,1,American Parts – Repuestos Originales Importados REPUESTOS DE MOTOR ORIGINALES Importados desde USA / EUROPA PRODUCTOS S,www.americanparts.cl
Detroit S.A.,Exterior B,053,Chile,No encontrado,detroit@detroit.cl,,1,Inicio - Detroit Chile MENU MENU Nosotros División Motores Motores Industrial Marino Generación Generadores Gas Generado,www.detroit.cl
Imer Chile (Cappellotto - Fassi),Exterior B,043,Santiago,No encontrado,info@imerchile.cl,,1,"IMERCHILE empresa líder en venta y mantención de las marcas  FASSI, MARREL, CAPPELLOTO, DHOLLANDIA, SCORZA, STELLAR, VER",www.imerchile.cl
Módulos S.A.,Exterior B,069,Chile,No encontrado,info@modulos.cl,,1,Modulos - Inicio Soluciones portables para llevar el trabajo donde se necesite. Pide una Cotización Descubre nuestras so,www.modulos.cl
Prok Conveyor Equipment SpA,Exterior B,38,Santiago,No encontrado,info@prok.com,conveyors.au@prok.com | conveyors.id@prok.com | vendas.brasil@prok.com,4,Discover how our conveyor technology solutions optimise your operations. Industry leaders in material handling for effic,www.prok.com
Tecic SpA,Exterior B,056-057,Chile,No encontrado,ventas@tecic.cl,,1,Previous slide Next slide Previous slide Next slide Ingeniería eIntegración de Tableros y SalasEléctricas ¿Interesado? C,www.tecic.cl
Teck Resources Chile,Exterior B,053A,Santiago,No encontrado,marketing.sales@teck.com,sales@irm.com | info@cesl.com | info@miningsurplus.com | amanda.younes@teck.com | art@teck.com | bernard.ho@teck.com | correspondence@equiniti.com | dale.steeves@teck.com | exploration@teck.com | industrialproducts@teck.com | investors@teck.com | jennifer.coe@teck.com | keith.zhang@teck.com | lostcertificates@tmx.com | shareholderinquiries@tmx.com | tai@teck.com | tirederivedpolymer@teck.com,18,"Learn about Teck, a Canadian resource company focused on responsibly providing the metals essential for global developme",www.teck.com
TTPM S.A.,Exterior B,55,Chile,No encontrado,ttpm@ttpm.cl,,1,TTPM Skip to content Soluciones Industriales que Mueven el Norte Productos especializados en transmisión de potencia mec,www.ttpm.cl
Constructora El Sauce S.A.,Exterior C,90,Chile,No encontrado,ccarreno@elsauce.cl,oficina@elsauce.cl,2,"En Constructora El Sauce, somos especialistas en movimiento de tierras, caminos, plataformas, muros, diques, pilas de li",www.elsauce.cl
HCA Minería,Exterior C,093-099,Chile,No encontrado,ventas@hcamineria.cl,,1,"Servicios y productos de clase mundial para una minería más segura, eficiente y sostenible Contáctanos Productos Drenaje",www.hcamineria.cl
Hofmann Engineering Chile Ltda.,Exterior C,077,Santiago,No encontrado,barrie.smith@hofmannengineering.com,bendigo@hofmannengineering.com | chile@hofmannengineering.com | hina@hofmannengineering.com | larry.barry@hofmannengineering.com | mail@hofmannengineering.com | melbourne@hofmannengineering.com | newcastle@hofmannengineering.com | peru@hofmannengineering.com | safrica@hofmannengineering.com,10,Hofmann Home Page,www.hofmannengineering.com
Promet Soluciones Modulares,Exterior C,92,Chile,No encontrado,ventas@promet.cl,,1,"Diseño, fabricación y construcción modular. Líderes en el mercado de infraestructura de apoyo y montajes industriales.",www.promet.cl
Be Energy Chile,Exterior D,105,Chile,No encontrado,contacto@be-energy.cl,,1,Home Producto Descubre nuestros principales productos Modelos Tráiler Solar Ficha Técnica Ver más Torre Solar de Ilumina,www.be-energy.cl
Christensen Comercial S.A.,Exterior D,109,Chile,No encontrado,chrisco@christensen.cl,,1,Tu Búsqueda Empieza Aquí mira nuestros Productos Discos de Corte y Desbaste Pliegos y discos de Lija Piedras Esmeriles S,www.chrisco.cl
CPS Conveyors SpA,Exterior D,108,Chile,No encontrado,contacto@conveyorschile.cl,,1,Conveyors Chile NOS CAPACITAMOS E INSTRUIMOS Conveyors Chile NUESTRO PRINCIPIO DE CONFIABILIDAD SE ORIENTA A UNA MAYOR U,www.conveyorschile.cl
Lorbrand S.A.,Exterior D,106,Chile,No encontrado,chile@lorbrand.com,,1,Lorbrand – Specialists in heavy duty conveyor component design and manufacture. Great Mines Think Alike. The world’s lea,www.lorbrand.com
Calimport S.A.,Exterior E,128,Chile,No encontrado,calimport@calimport.cl,,1,,www.calimport.cl
Grupo Inka Coya,Exterior E,133,Antofagasta,No encontrado,cotizaciones@inkacoya.cl,,1,"Somos una empresa dedicada a entregar servicios integrales en Calama para minería, hotelería empresarial, alimentación e",www.inkacoya.cl
Inppa Servicios Industriales SpA,Exterior E,137,Chile,No encontrado,dulce.cervantes@inpparadiadores.cl,ejemplo@misitio.com | leydi.mesa@inpparadiadores.cl | luisiana.chico@inpparadiadores.cl | odette.coydan@inpparadiadores.cl | valentina.carracedo@inpparadiadores.cl,6,"INPPA Radiadores, De todo en Radiadores e Intercambiadores de calor. Visítanos en Antofagasta y Santiago",www.inpparadiadores.cl
RPI Productos Industriales S.A.,Exterior E,131,Chile,No encontrado,ventas@rpichile.cl,,1,"Somos garantía de calidad y excelente atención, ofrecemos productos reconocidos a nivel mundial, actualmente con marcas ",www.rpichile.cl
Tasco Chile Ltda.,Exterior E,117,Chile,No encontrado,ventasweb@tascochile.cl,,1,Productos más vendidos Categorías destacadas Nuestras marcas,www.tascochile.cl
Teknica Chile,Exterior E,122-127,Chile,No encontrado,teknicachile@teknica.cl,teknicanorte@teknica.cl,2,"Teknica – Expertos en soluciones y continuidad operacional – Diseñamos soluciones en power quality, UPS, distribución de",www.teknica.cl
Transportes Bello e Hijos Ltda.,Exterior E,141-142,Chile,No encontrado,info@transportesbello.com,,1,Tu socio en logística y transporte de carga. Más de medio siglo de experiencia brindando soluciones integrales y sosteni,www.transportesbello.com
XCMG Chile,Exterior E,138-139,Santiago,No encontrado,fwb@xcmg.com,,1,"徐工目前居世界行业第3位,世界品牌500强第409位,产品出口全球180多个国家和地区，主要经营起重机,挖掘机,装载机,压路机,混凝土机械,旋挖钻,重卡,高空作业平台等产品,是工程机械产品品种和系列齐全,独具竞争力和影响力的大型企业集团.",www.xcmg.com
MATMIN SPA,Pabellon Yodo,634,Chile,No encontrado,matmin@matmin.cl,,1,Matmin – Ramsey phone_in_talk Líderes en pesajes dinámicos Llámenos! +56982254789 Bienvenidos a matmin Contáctenos phone,www.matmin.cl
Adler Steel Chile,Pabellón Cobalto,1430,Santiago,Rodrigo Lillo (Rep. Zona Norte),lolave@adler.cl,rmunoz@adler.cl,2,Adler Steel Chile Menú Expertos en aceros especiales tolva_iconv1 Aceros Antiabrasivos y Antidesgaste Grua_iconV2 Aceros,www.adler.cl
Cibrugg Ltda,Pabellón Cobalto,1426,Chile,No encontrado,arriendos@cibrugg.cl,,1,CIBRUGG – Arriendo de equipos y transporte Ir al contenido ARRIENDO DE EQUIPOS El camino de CIBRUGG es promover relacion,www.cibrugg.cl
Comeco Chile,Pabellón Cobalto,1387,Chile,No encontrado,mzamorano@comecosac.com,,1,Build an impressive website with the best-rated top-seller WordPress theme,www.comeco.cl
Cronostec Chile SpA,Pabellón Cobalto,1415,Chile,No encontrado,ventas@cronostec.cl,,1,cronostec – Tecle manual – Tecle eléctrico Ir al contenido COTIZACION TECLE MANUAL TODOS TECLE MANUAL CADENA TECLE DE PA,www.cronostec.cl
FG Logistica SpA,Pabellón Cobalto,1393,Chile,No encontrado,contacto@fglogistica.cl,,1,Logistica Carga Importación Y Exportación | Logística FG | Chile,www.logisticafg.cl
Gess SpA,Pabellón Cobalto,1425,Chile,No encontrado,ejemplo@ejemplo.cl,,1,Gess Chile SPA Ficha Técnica Máquina XYZ Descripción y Foto Fotos y Videos Descargas PDF Descripción Detalle de la máqui,www.gesschile.cl
Glacius Waters Tecnical Development SpA,Pabellón Cobalto,1422,Chile,No encontrado,contactos@glacius.cl,,1,,www.glacius.cl
Global Group Ingenieria,Pabellón Cobalto,1371,Chile,No encontrado,taller.antofogasta@ggingenieria.cl,,1,,www.ggingenieria.cl
Green Leader SpA,Pabellón Cobalto,1369,Chile,No encontrado,contacto@greenleader.cl,,1,Green Leader es una empresa experta en el diseño y ejecución de soluciones innovadoras y tecnologizadas en Economía Circ,www.greenleader.cl
Grupo Ipsa,Pabellón Cobalto,1404,Santiago,No encontrado,administracion@grupoipsa.cl,,1,Pioneros en la instalación de Datacenter Modular en Chile desde el año 2013Más InformaciónContamos con un sistema exclus,www.grupoipsa.cl
Hri S.A.,Pabellón Cobalto,1349,Chile,No encontrado,info@hri.cl,,1,"HRI S.A. es una empresa chilena con más de 50 años de experiencia dedicada a proveer soluciones, equipos y servicios par",www.hri.cl
Inbox Technology Chile,Pabellón Cobalto,1374,Chile,No encontrado,inboxsa@inboxsa.com,,1,INBOX Technology Latam | Soluciones Analíticas para Laboratorios e Industrias Líderes en instrumentación analítica. Equi,www.inboxsa.com
Metalmack Limitada,Pabellón Cobalto,1381,Chile,No encontrado,dmackenzie@metalmack.cl,,1,Metalmack – Soluciones robustas y de calidad Skip to main content Close Search MERCADO PRODUCTOS Nuestros Clientes © 202,www.metalmack.cl
Mtm Solutions SpA,Pabellón Cobalto,1427,Chile,No encontrado,ventas@mtmingenieria.cl,martin.tapia@mtmingenieria.cl,2,"construccion maquinas minera, mining machine making",www.mtmingenieria.cl
Nexxo S.A.,Pabellón Cobalto,1343,Chile,No encontrado,ejemplo@nexxo.cl,example@email.com,2,Nexxo S.A. es una empresa del grupo Echeverría Izquierdo con más de 40 años de experiencia en servicios de mantenimiento,www.nexxo.cl
Procemax SpA,Pabellón Cobalto,1419,Chile,No encontrado,info@procemax.com,,1,"Procemax SpA es Equipos y Consultora para la Minería. Representante para Chile de importantes marcas internacionales, pr",www.procemax.cl
Prored Zona Norte,Pabellón Cobalto,1441,Antofagasta,No encontrado,contacto@proredzn.com,,1,"Expertos en Redes LTE Privadas, IoT Industrial, Sistemas de Control y GestiÃ³n QHSEC para la gran minerÃ­a en Chile (Tar",www.proredzn.com
Scancontrols Ing. Ltda.,Pabellón Cobalto,1342,Chile,No encontrado,infonorte@scancontrols.cl,,1,"Scan Controls Ir al contenido LÍDER NACIONAL EN VENTAS, REPARACIÓN Y MANTENCIÓN DE VÁLVULAS DE CONTROL +25.000 equipos r",www.scancontrols.cl
Steelmaster Ltda,Pabellón Cobalto,1366,Chile,No encontrado,info@steelmasterusa.com,,1,"Las estructuras de acero y de metal están prediseñadas para proyectos de kits de estructuras, como garajes de acero, cas",www.steelmasterestructuras.com
Transducto S.A.,Pabellón Cobalto,1352,Chile,No encontrado,info@transducto.com,,1,"DOM-TEC – El riñón de la minería Saltar al contenido ¿Qué es DOM-TEC®? Es una tecnología, ambientalmente sustentable, qu",www.domtec.cl
Von Unger Representaciones SpA,Pabellón Cobalto,1442,Chile,No encontrado,vonunger@vonunger.cl,,1,"Soluciones en piping. Venta de soldadoras de termofusion, extrudoras de aporte, fittings de HDPE, Electrofusión",www.vonunger.cl
AHK Chile,Pabellón Cobre,47-49,Santiago,No encontrado,info@ahkchile.cl,,1,Deutsch-Chilenische Industrie- und Handelskammer Deutsch-Chilenische Industrie- und Handelskammer Werden Sie Mitglied de,www.chile.ahk.de
Arval Chile,Pabellón Cobre,162,Santiago,No encontrado,acquisition_cl@arval.cl,,1,"Arval BNP Paribas asiste a empresas y corporaciones internacionales con todos los elementos de la gestión de flotas, que",www.arval.cl
Bender Chile,Pabellón Cobre,35,Santiago (Providencia),Pedro Asuaje (Rep. Legal),administracion@bender-cl.com,,1,Bender ofrece productos y soluciones innovadores en todos los aspectos de la seguridad eléctrica: vigilancia del aislami,www.bender-latinamerica.com
BLUMAQ CHILE S.A.,Pabellón Cobre,188-189,Santiago (Quilicura),Daniel León (Dir. Comercial),mail@blumaq.com,,1,"Blumaq - Moving the World Moving the World Alternative spare parts for caterpillar, volvo, komatsu, cummins and case. Af",www.blumaq.com
Bosch Chile,Pabellón Cobre,65,Santiago (Ñuñoa),Micaela Rosenzvaig (Prensa),info@cl.bosch.com,,1,"InnovaciÃ³n para tu vida: queremos que nuestros productos despierten entusiasmo, mejoren la calidad de vida y ayuden a c",www.bosch.cl
Cía. Confiabilidad,Pabellón Cobre,201,Chile,No encontrado,ventas@confiabilidad.cl,,1,"Confiabilidad – Asesorías y servicios. Monitoreo de condiciones. Sensores de vibración y temperatura Monitoreo, Inspecci",www.confiabilidad.cl
CMSERVICES Ingeniería y Servicios,Pabellón Cobre,267,Antofagasta,No encontrado,antofagasta@cmservices.cl,,1,:::: CMS ::: – Tools and Equipment Saltear al contenido principal Comercialización y arriendo de Gatas Hidráulicas para ,www.cmservices.cl
Danfoss Chile,Pabellón Cobre,20,Santiago (Huechuraba),No encontrado,sac.chile@danfoss.com,,1,"We engineer solutions that increase machine productivity, reduce emissions, lower energy consumption, and enable electri",www.danfoss.com
Evolog SpA,Pabellón Cobre,121,Chile,No encontrado,contacto@evolog.cl,,1,"En Evolog contamos con un mix de productos entre ellos Barreras Boplan, Racks, demarcación  y otros para realizar todos ",www.evolog.cl
FASTECH SOLUCIONES TECNOLOGICAS LTDA.,Pabellón Cobre,247,Chile,No encontrado,biotellus@qode.com,web@fastech.cl,2,"Reinventamos el mañana Lideres en innovación FASTECH SOLUCIONES TECNOLOGICAS LIMITADA, es una empresa fundada el 2009, l",www.fastech.cl
Fernorte Comercializadora Industrial,Pabellón Cobre,200,Antofagasta,No encontrado,fernortechile@gmail.com,,1,"Somos especialistas en torque controlado, importadores y proveedores para empresas contratistas y mineras de la región.",www.fernorte.cl
Flowserve Chile SpA,Pabellón Cobre,277,Santiago (Renca),No encontrado,susekar@flowserve.com,,1,"Flowserve moves, controls and protects the flow of materials in the world's most critical industries. Contact a represen",www.flowserve.com
Hosch Chile,Pabellón Cobre,31-64,Santiago,Sergio Lizana,sergio.lizana@hosch.cl,,1,,www.hosch.cl
Huebner Chile,Pabellón Cobre,43,Chile,No encontrado,miguel.castillo@huebner-chile.cl,ralf.albujar@huebner-peru.pe,2,"SISTEMAS DE ENCODERS ROBUSTOS, TECNOLOGÍA DE ACCIONAMIENTO POTENTE, SUPERAMOS LOS ENORMES DESAFÍOS EN LA INDUSTRIA PESAD",www.huebner-chile.cl
Indutecnica Chacon SIC SpA,Pabellón Cobre,151,Chile,No encontrado,ventas@indutecnica.cl,,1,,www.indutecnica.cl
Instruvalve SpA,Pabellón Cobre,150,Chile,No encontrado,ventas@instruvalve.cl,,1,"Instruvalve – Soluciones de Automatización, Control de Procesos y Manejo de Fluidos Saltar al contenido ventas.cl@instru",www.instruvalve.cl
Lockerplus SpA,Pabellón Cobre,198-199,Chile,No encontrado,contacto@lockerplus.cl,,1,"Lockerplus, nos centramos en la eficiencia, profesionalismo y la capacidad de entregar soluciones efectivas.",www.lockerplus.cl
Mammoet Chile,Pabellón Cobre,128,Santiago (Las Condes),No encontrado,vanessa.labana@mammoet.com,,1,Mammoet Chile: Soluciones para izaje y transporte pesado desde 2012  ✔ Más de una década solucionando problemas de ingen,www.mammoet.com/chile
Micr'Eau Chile,Pabellón Cobre,170,Chile,No encontrado,p.guasp@micreau.fr,,1,"Groupe Micr'Eau, société d'ingénierie de traitement de l'eau potable, biogaz, maintenance fournit des médias filtrants p",www.micreau.fr
Nilos Chile,Pabellón Cobre,89,Santiago,No encontrado,info@nilos.de,dpo@wordpress.org,2,NILOS als Partner für hochwertige Kleber & Lösungen zur Verbindung von Fördergurten. Entdecken Sie Fördergurtverbindunge,www.nilos.de
Pessa S.A.,Pabellón Cobre,183-219,Santiago,No encontrado,pessa@pessa.cl,,1,"PESSA S.A. es una empresa de Ingeniería, con más de una década de experiencia, dedicada a dar soluciones innovadoras a l",www.pessa.cl
Prominent Chile,Pabellón Cobre,177,Santiago,No encontrado,prominent-cl@prominent.com,,1,ProMinent Sugerencias de búsqueda Productos Todos los resultados para productos El nuevo sensor de turbidez DULCOEYE LT.,www.prominent.cl
RUD + SpanSet,Pabellón Cobre,84,Santiago,No encontrado,administracion@rud.com,,1,"RUD Chile ofrece soluciones personalizadas con un amplio catálogo de productos de izaje, amarre y sistemas asociados de ",www.rud.cl
Soltex Chile S.A.,Pabellón Cobre,245,Chile,No encontrado,central@soltex.cl,cpadilla@soltex.cl | rcereceda@soltex.cl,3,SOLTEX,www.soltex.cl
Southblu Grupo Pimasa,Pabellón Cobre,224,Chile,No encontrado,contacto@southblu.cl,,1,"Empresa del Grupo Pimasa con +30 años de experiencia en servicios y tecnologías de modelación, monitoreo y remoción de c",www.southblu.cl
UNIDELTA SpA,Pabellón Cobre,139B,Santiago,No encontrado,unidelta@unidelta.com,,1,"Dal 1973 Unidelta produce tubi e raccordi in polietilene e multistrato. Soluzioni per acqua, gas, impianti radianti e ge",www.unidelta.com
Wika Chile,Pabellón Cobre,4,Santiago,No encontrado,info@wika.cl,,1,"WIKA es una empresa ""Smart in sensing"" que ofrece soluciones inteligentes a problemas globales.",www.wika.cl
Zigma Soluciones Industriales Ltda.,Pabellón Cobre,281,Chile,No encontrado,spider-feedback@bytedance.com,,1,"Zigma | PVC y CPVC Válvulas, Fittings y Cañerías Spears Spears® La elección de hoy, la seguridad de mañana PVC Sch.80 CP",www.zigma.cl
Almanorte SpA,Pabellón Hierro,1454,Antofagasta,No encontrado,contacto@almanortespa.cl,,1,Almanorte SpA | Logística Integral +56 57 2262556 contacto@almanortespa.cl Líderes en Soluciones Logísticas en la Región,www.almanortespa.cl
Comercial de Aceros JG SpA,Pabellón Hierro,1467,Chile,No encontrado,ventas@acerosjg.cl,,1,Bienvenidos a Aceros JG Precisión y Calidad en Corte y Transformación de Acero Soluciones a medida con tecnología de pun,www.acerosjg.cl
Confipetrol Chile SpA,Pabellón Hierro,1478,Santiago,No encontrado,comercial@confipetrol.cl,,1,,www.confipetrol.com
Constructora Baical Ltda.-Baical Rental,Pabellón Hierro,1488,Chile,No encontrado,baical@baical.cl,,1,"Baical es una empresa chilena especializada en soluciones industriales, servicios técnicos, ingeniería y soporte para mi",www.baical.cl
Eurohinca Chile,Pabellón Hierro,1490,Chile,No encontrado,info@eurohinca.com,,1,"Eurohinca Group es una empresa especialista en ejecución de TÚNELES SIN ZANJA Desde 1996, nos dedicamos a la ejecución d",www.eurohinca.com
Faros Chile,Pabellón Hierro,1503,Chile,No encontrado,contacto@faros.cl,,1,Somos una empresa enfocada en la consultoría TI y logística para las industrias minera y retail.,www.faros.cl
Nowpartschile,Pabellón Hierro,1464,Chile,No encontrado,ventas@nowparts.cl,,1,"Now Parts – Importadora de Repuestos, Suministros y Componentes para la Industria en Antofagasta Skip to main content Cl",www.nowpartschile.cl
Prime Integral SpA,Pabellón Hierro,1453,Chile,No encontrado,contacto@primeintegral.com,,1,"primeintegral – primeintegral Skip to content Contamos con amplia experiencia en proyectos industriales, energéticos, fo",www.primeintegral.com
Sitrack Chile,Pabellón Hierro,1460,Santiago,No encontrado,clientes.ar@sitrack.com,clientes.br@sitrack.com | clientes.cl@sitrack.com | clientes.co@sitrack.com | clientes.mx@sitrack.com | clientes.pe@sitrack.com | clientes.uy@sitrack.com | customers.my@sitrack.com,8,Soluciones Inteligentes,www.sitrack.com
AMTC - U. de Chile,Pabellón Litio,883,Santiago,No encontrado,contacto@amtc.cl,,1,AMTC - SOMOS LÍDERES EN EL DESARROLLO DE TECNOLOGÍAS PARA LA MINERÍA,www.amtc.cl
Bronor Ltda.,Pabellón Litio,965,Chile,No encontrado,contacto@bronor.cl,,1,Inicio - Bronorltda Servicios BromatolÃ³gicos del Norte Limitada. Servicios de AnÃ¡lisis MicrobiolÃ³gicos de Alimentos y,www.bronor.cl
Capelec Capacitaciones & Ing. Eléctrica,Pabellón Litio,894,Chile,No encontrado,capelec@capelec.cl,,1,"Capacitación Eléctrica Mantente a la vanguardia con formación actualizada Somos CAPELEC, Tu socio en el crecimiento prof",www.capelec.cl
Carval Ltda.,Pabellón Litio,828,Chile,No encontrado,antofagasta@carval.cl,,1,DONDEENCONTRARNOS Casa MatrizCALAMArecepcion@carval.cl ANTOFAGASTAantofagasta@carval.cl SANTIAGOsantiago@carval.cl MANTE,www.carval.cl
CJM MYS SpA,Pabellón Litio,929,Chile,Ruben Vejar,rvejar@cjm.cl,,1,"Instrumentos de medición eléctrica, fotovoltaica y ambiental con soporte técnico en Chile. Calidad certificada para prof",www.cjm.cl
Cloudcsp Soluciones Tecnológicas,Pabellón Litio,827,Chile,No encontrado,info@cloudcsp.cl,chileinfo@cloudcsp.clpol,2,,www.cloudcsp.cl
Comercializadora Ingemerca Chile SpA,Pabellón Litio,849,Chile,No encontrado,info@ingemerca.cl,,1,INGEMERCA Chile SpA. – Just another My Website site Bienvenidos a INGEMERCA SpA. Lideres en el manejo de material y cont,www.ingemerca.cl
CRT Chile SpA,Pabellón Litio,891,Antofagasta,Javier Fernandez,javier.fernandez@crtchile.com,,1,"Inicio | Crt top of page MD&A, a FULL SERVICES OEM-ALTERNATIVE FOR SERVICES, PARTS & REPAIRS ​ Sobre & Suscribirte since",www.crt-chile.com
Disegno 3D SpA,Pabellón Litio,927,Chile,No encontrado,ventas@disegno3d.cl,marketing@disegno3d.cl,2,Inicio - DISEGNO 3D SPA ¿Tiene un problema técnico? Contacto con Soporte Manufactura aditiva Conozca más Soluciones intu,www.disegno3d.cl
EIE Ingeniería SpA,Pabellón Litio,851,Chile,No encontrado,info@eiengineering.net,,1,EiE ingeniería SpA Servicios de ingeniería y consultoría técnica en Ingeniería Mecánica y Electromecánica. Equipos para ,sites.google.com/eiengineering.net/eie
Electroweather S.A.,Pabellón Litio,836,Chile,No encontrado,contacto@electroweather.cl,,1,Electroweather Télefono: (56) 9 8903 0358 Email: contacto@electroweather.cl Expertos en sistemas eléctricos industriales,www.electroweather.cl
Enrique Osses E. y Cía. Ltda.,Pabellón Litio,972,Chile,No encontrado,contacto@osses.cl,,1,,www.osses.cl
Environmental Monitoring Services SpA (EMS Chile),Pabellón Litio,909,Chile,No encontrado,contacto@ems-chile.com,,1,EMS | Enviromental Monitoring Services consulta con un experto Monitoreo de proyectos ambientales conócenos contáctanos ,www.ems-chile.com
Eurostandard Chile S.A.,Pabellón Litio,966,Chile,No encontrado,ventas@eurostandard.cl,,1,"Especialización y compromiso con la calidad, la seguridad y la innovación.",www.eurostandard.cl
Grupo Eliseo,Pabellón Litio,1010,Chile,No encontrado,contacto@grupoeliseo.cl,,1,,www.grupoeliseo.cl
Grupo Genera Ltda.,Pabellón Litio,1016,Chile,No encontrado,ventas@grupogenera.cl,,1,GrupoGenera Hit enter to search or ESC to close Somos expertos en Arriendo y Servicios de Grupos Electrógenos Productos ,www.grupogenera.cl
Grupo Lampa,Pabellón Litio,958,Chile,No encontrado,info@grupolampa.com,,1,"En Grupo Lampa ofrecemos procesamiento, valorización, logística y trazabilidad con enfoque en sostenibilidad.",www.grupolampa.com
H Briones S.A.,Pabellón Litio,899,Chile,No encontrado,hbse@hbriones.com,,1,"H. Briones Sistemas Eléctricos (HBSE), ofrece proyectos y soluciones de calidad para el servicio de suministro de energí",www.hbse.cl
Hidronor Chile,Pabellón Litio,962,Santiago,No encontrado,contacto@hidronor.cl,ventas@hidronor.cl,2,"Especialistas en gestión y tratamiento de residuos industriales, remediación y saneamiento de suelos contaminados y reva",www.hidronor.cl
Hidropower Ltda.,Pabellón Litio,861,Chile,No encontrado,ventas@hidropower.cl,administracion@hidropower.cl | daniel.espinozaa@hidropower.cl,3,Home One,www.hidropower.cl
InexChile,Pabellón Litio,897,Chile,No encontrado,9960asistente@inexchile.com,asistente@inexchile.com,2,,www.inexchile.com
Isva SpA,Pabellón Litio,931,Chile,No encontrado,ventas@isva.cl,secretaria@isva.cl | venta.empresas@isva.cl,3,"ISVA – Ingeniería y Servicios, Vida Autómata Ir al contenido FDGDFFDGFD VER MÁS FDGDFFDGFD VER MÁS FDGDFFDGFD VER MÁS FD",www.isva.cl
Marlew S.A.,Pabellón Litio,937,Chile,No encontrado,sales@marlew.com.ar,ventas@marlew.com.ar | info@marlew.com.ar | cordoba@marlew.com.ar | neuquen@marlew.com.ar,5,"Marlew, más de 50 años de experiencia en la fabricación de conductores eléctricos de calidad.Innovación para potenciar t",www.marlew.com.ar
Métrica SpA,Pabellón Litio,984-991,Chile,No encontrado,contacto@metrica.cl,,1,Métrica – Soluciones en energía Crítica Close Saltar al contenido Soluciones Líderes en Respaldo y almacenamiento de Ene,www.metrica.cl
PQC Consultores SpA,Pabellón Litio,866,Chile,No encontrado,secretaria@pqc.cl,,1,PQC Consultores Destacado JORNADA+ENERGÍA: FORTALECIENDO EL COMPROMISO CON LA EFICIENCIA ENERGÉTICA Y LA SOSTENIBILIDAD ,www.pqc.cl
Precisa Chile,Pabellón Litio,853,Chile,No encontrado,contactanos_chile@precision.tech,,1,Conectamos tecnologías de última generación para automatizar la industria y mejorar su eficiencia. Contáctanos para u,www.precision.tech/cl
Refamaq Industrial Ltda.,Pabellón Litio,948,Chile,No encontrado,contacto@refamaq.cl,,1,Refamaq Ir al contenido Calidad y eficiencia para potenciar tu industria Soluciones en Válvulas y Automatización Industr,www.refamaq.cl
Sapri SpA,Pabellón Litio,985-990,Chile,Alvaro Romero Mosqueira,alvaro.romero@sapri.cl,,1,Home | Sapri top of page Servicios Eléctricos SAPRI Servicio y asesoría profesional para la industria Somos una empresa ,www.sapri.cl
Segin SpA,Pabellón Litio,824,Chile,No encontrado,ventas@segin.cl,mzanartu@segin.cl | pmoreno@segin.cl,3,Tienda creada con PrestaShop,www.segin.cl
Statkraft Chile,Pabellón Litio,1012,Santiago,No encontrado,contacto@statkraft.com,,1,"Statkraft es el mayor generador de energía renovable de Europa. Producimos energía hidroeléctrica, eólica y solar y somo",www.statkraft.cl
Tectramin Chile SpA,Pabellón Litio,979,Chile,No encontrado,ventas@tectramin.com,,1,Identificamos fugas en sistemas impermeabilizados y conducción de fluidos utilizando el campo eléctrico natural del terr,www.tectramin.com
TMC Transformers SpA,Pabellón Litio,848,Chile,No encontrado,marketing@tmctransformers.com,recruiting@tmctransformers.com,2,TMC is specialised in the production of dry-type transformers and cast resin transformers for different applications and,www.tmctransformers.com
Transformadores Tusan S.A.,Pabellón Litio,838-840,Chile,No encontrado,ventas@tusan.cl,,1,TUSAN – Tusan Saltear al contenido principal Tenemos la energía y el poder para transformarla P R O D U C T O S Transfor,www.tusan.cl
Asset Advisors Chile,Pabellón Molibdeno,1240,Chile,No encontrado,assetadvisors.cl@gmail.com,,1,Asesoría inmobiliaria comercial especializada en Chile. Maximizamos el valor de sus activos con estrategias personalizad,www.assetadvisors.cl
Calestarq Seguridad Vial SpA,Pabellón Molibdeno,1309,Chile,No encontrado,contacto@calestarq.cl,,1,Calestarq,www.calestarq.cl
Comercial Acuario Ltda,Pabellón Molibdeno,1213,Chile,No encontrado,ventas@comercialacuario.cl,,1,"Líder en repuestos desde 1983. Faros faeneros LED, balizas, corta corriente, ampolletas, alarmas y más para camiones, mi",www.comercialacuario.cl
Confecciones Butka Ltda.,Pabellón Molibdeno,1250-1251,Chile,No encontrado,contacto@butka.com,,1,BUTKA – Indumentaria de Seguridad y Vestuario Corporativo Ir al contenido Indumentaria Profesional y Seguridad En BUTKA ,www.butka.com
Constructora Vic,Pabellón Molibdeno,1220,Chile,No encontrado,contacto@constructoravic.cl,,1,"Constructora VIC | NUESTRA EXPERIENCIA, TU MEJOR CAMINO Experiencia profesional de más de 30 años en gestión de caminos.",www.constructoravic.cl
Cortec Corporation - Patiño Y Compañía,Pabellón Molibdeno,1315,Chile,No encontrado,productinfo@cortecvci.com,,1,Find Home details at Cortec Corporation. Contact us toll free at 1-800-426-7832 or productinfo@cortecvci.com.,www.cortecvci.com
Fábrica Moisés Calama,Pabellón Molibdeno,1272,Calama,No encontrado,contacto@fabricamoises.cl,,1,Fábrica Moisés Ir al contenido NUEVOS PRODUCTOS CATEGORÍAS Ropa de trabajo corporativa Protección a los pies Protección ,www.fabricamoises.cl
Fluycom SpA,Pabellón Molibdeno,1264,Chile,No encontrado,ventas@fluycom.cl,,1,Fluycom - Somos líderes nacionales en suministro de aceros especiales,www.fluycom.cl
Grupo Antko,Pabellón Molibdeno,1248,Antofagasta,No encontrado,ventas@antko.cl,,1,ANTKO – Soluciones en agua Comparar Inicio Quiénes somos Acero Válvulas HDPE Termoplásticos Accesorios Filtración Contac,www.antko.cl
Hima Ltda.,Pabellón Molibdeno,1313-1314,Chile,No encontrado,contacto@hima.cl,ventas01@hima.cl,2,"Compra ropa EPP ignÃ­fuga FR y AR certificada por ISP en HIMA. Ropa y calzado dielÃ©ctricos, overoles ignÃ­fugos y prote",www.hima.cl
Ingeniería y Servicios Orbitec SpA,Pabellón Molibdeno,1234,Chile,No encontrado,contacto@orbitec.cl,,1,Nos dedicamos al suministro de vehÃ­culos especializados y equipos de aplicaciones ambientales fabricados y configurados,www.orbitec.cl
Ingeteco SpA,Pabellón Molibdeno,1260,Chile,No encontrado,cotizaciones@ingeteco.cl,,1,"Ingeteco INGETECO Tecnología Contra Incendios Empresa lider en ofrecer servicios de ingeniería, montaje de sistemas de d",www.ingeteco.cl
Itsanet S.A.,Pabellón Molibdeno,1230-1231,Chile,No encontrado,contactos@itsanet.com,,1,Tu socio logístico en la región,www.itsanet.com
Maisver Mecanizados Ltda.,Pabellón Molibdeno,1308,Chile,No encontrado,contabilidad2@maisver.cl,contabilidad@maisver.cl | maisver@maisver.cl,3,"Maisver – Motores Eléctricos, bombas, balanceo dinámico. Saltar al contenido Sin resultados Maisver: Electromecánica Ind",www.maisver.cl
Raico S.A.,Pabellón Molibdeno,1298-1327,Santiago,No encontrado,info@raico.cl,,1,"Raico.cl Venta y arriendo de maquinaria - para movimiento de tierra, manejo de material y cosecha forestal. - Venta de r",www.raico.cl
Swastic Drilling Co & Maquinet SpA,Pabellón Molibdeno,1252-1253,Chile,No encontrado,administracion@maquinet-spa.cl,,1,MaquiNet Chile | Importación directa de equipos de perforación +56 9 2684 0204 administracion@maquinet-spa.cl MaquiNet e,www.maquinetchile.cl
Track Rail SpA,Pabellón Molibdeno,1305,Chile,No encontrado,contacto@trackrail.cl,,1,TrackRail Email: contacto@trackrail.cl Bienvenidos a TRACKRAIL Que hacemos! Mantenimiento de infraestructura ferroviaria,www.trackrail.cl
Transportes Santa Eva,Pabellón Molibdeno,1214,Chile,No encontrado,contacto@transe.cl,,1,"Especialistas en transporte sobre dimensionado por carretera, para transportar las cargas más exigentes del mercado mine",www.transe.cl
Alma Norte,Pabellón Oro,1128,Antofagasta,No encontrado,contacto@almanorte.cl,61905114emailcontacto@almanorte.cl,2,,www.almanorte.cl
Andeslevers SpA,Pabellón Oro,1106,Chile,No encontrado,contacto@andeslevers.cl,,1,Andes Levers Inicio - Andes Levers Your browser does not support the video tag. Líderes en el desarrollo de soluciones e,www.andeslevers.cl
Arquitectura y Construcción Tecno Textil S.A.,Pabellón Oro,1179,Chile,No encontrado,asistenteg@arcotex.cl,,1,Arcotex – Expertos en sistemas de ventilación para minería y túneles Ir al contenido Sistemas de ventilación para minerí,www.arcotex.cl
Aspen SpA,Pabellón Oro,1088,Chile,No encontrado,contacto@aspenspa.cl,,1,Promovemos valor y calidad para una minería sustentable Años de Experiencia + 0 Servicios Vigentes + 0 Colaboradores + 0,www.aspenspa.cl
Bekaert Ropes Chile S.A.,Pabellón Oro,1210,Santiago (Maipú),Evelyn Berríos (Cust. Service & Mktg),ventas@bekaert.com,,1,"Lifting and Mooring - Bekaert Header L&M Bridon® Precision-engineered ropes, driving performance and productivity. Explo",ropes.bekaert.com
Buron SpA,Pabellón Oro,1130,Chile,No encontrado,buron@buron.cl,,1,,www.buron.cl
Caudalex SpA,Pabellón Oro,1109,Chile,No encontrado,info@caudalex.cl,,1,Comprometidos en ofrecer la mejor tecnología y en condiciones competitivas para llevar adelante sus proyectos de sistema,www.caudalex.cl
Cía. Minera Cordillera Chile Scm,Pabellón Oro,1178,Chile,No encontrado,contact@cmcordillera.cl,,1,"Compañía Minera Cordillera – Calidad Única en Sal Conoce más en un área desértica libre de contaminación ambiental, hura",www.cmcordillera.cl
Comercial Texmundo S.A.,Pabellón Oro,1119,Chile,No encontrado,ventas@texsco.cl,,1,Inicio - texsco +562 2677 0300 ventas@texsco.cl Texsco Vanguardia en ácero inoxidable Texsco Vanguardia en ácero inoxida,www.texsco.cl
Copper Capacitación Ltda.,Pabellón Oro,1192,Antofagasta,No encontrado,ventas@coppercapacitacion.cl,,1,copper | OTEC +56 552 554492 ventas@coppercapacitacion.cl Facebook X Instagram RSS Facebook X Instagram RSS Nosotros! So,www.coppercapacitacion.cl
Hs Rodados Mantenimiento y Servicios Spa,Pabellón Oro,1111,Chile,No encontrado,cmunoz@hsrodados.cl,,1,HSRodados es una empresa chilena especializada en servicios de mantenimiento y reparaciÃ³n de trenes de rodados para equ,www.hsrodados.cl
IGD Chile,Pabellón Oro,1132,Chile,No encontrado,contacto@igdchile.com,,1,"IGD CHILE S.A | Ingeniería, gestión y desarrollo INGENIERÍA, GESTIÓN & DESARROLLO Nos especializamos en todo tipo de dis",www.igdchile.com
Inquinat Chile Ltda,Pabellón Oro,1046,Chile,No encontrado,ventas.cl@inquinat.com,,1,"Inicio - Inquinat PROFESIONALES ESPECIALIZADOS Somos la empresa lÃ­der en tratamiento de aguas, con vasto reconocimiento",www.inquinat.cl
ITL Chile,Pabellón Oro,1079A,Chile,No encontrado,contacto@itlchile.com,,1,El Instituto de Tecnologías Limpias (ITL) es un centro de innovación y desarrollo tecnológico que impulsa soluciones sus,www.itlchile.com
Madepal SpA,Pabellón Oro,1081,Chile,No encontrado,ventas@madepal.cl,,1,"Pallets de madera a medida - Embalajes plegables - Madepal líderes en fabricación, ventas y distribución de pallets, emb",www.madepal.cl
MJI Ltda.,Pabellón Oro,1125,Chile,No encontrado,ventas@mjiltda.cl,epalacios@mjiltda.cl | miguel@queonda.art,3,En MJI Ltda. desarrollamos productos químicos orgánicos y sostenibles para agricultura y minería. Mejora tu producción y,www.mjiltda.cl
Planve SpA,Pabellón Oro,1107,Chile,No encontrado,contacto@planve.cl,,1,https://planve.cl/wp-content/uploads/2025/04/planve-video-MDI360-720p-h264.mp4 Quiénes Somos PLANVE es una empresa dedic,www.planve.cl
Plastigen SpA,Pabellón Oro,1199,Chile,No encontrado,contacto@plastigen.cl,rrojas@plastigen.cl,2,"Soluciones en Polímeros y Productos Industriales La mejor calidad en polímeros, productos y soluciones industriales Prod",www.plastigen.cl
Provaltec SpA,Pabellón Oro,1180,Chile,No encontrado,contactoweb@provaltec.cl,,1,"Provaltec ofrece soluciones industriales de alta calidad en filtros, válvulas y accesorios para optimizar tus procesos. ",www.provaltec.cl
Purcell Cerliani SpA,Pabellón Oro,1126,Chile,No encontrado,ventas@purcellcerliani.cl,,1,Soluciones tecnológicas para minería y grúas. Desarrollo de hardware industrial robusto y automatización en Chile,www.purcellcerliani.cl
Servicios LyG,Pabellón Oro,1038,Chile,No encontrado,contacto@servicioslyg.cl,,1,Servicios LyG – Elementos de protección personal y Artículos de ferretería Bienvenidos a Servicios LyG: Abastecimiento M,www.servicioslyg.cl
SSAB Chile,Pabellón Oro,1118,Santiago,No encontrado,contact@ssab.com,contact_china@ssab.com | contact_korea@ssab.com | contactargentina@ssab.com | contactcanada@ssab.com | contactchile@ssab.com | contactchina@ssab.com | contactcolombia@ssab.com | contactgreece@ssab.com | contactindia@ssab.com | contactjapan@ssab.com | contactkorea@ssab.com | contactmexico@ssab.com | contactperu@ssab.com | contactusa@ssab.com | u003econtact@ssab.com | u003econtactargentina@ssab.com | u003econtactcanada@ssab.com | u003econtactchile@ssab.com | u003econtactindia@ssab.com | u003econtactkorea@ssab.com | u003econtactusa@ssab.com | sales.specialsteelsbaltics@ssab.com | info.benelux@ssab.com | info.cz@ssab.com | info.es@ssab.com | info.fr@ssab.com | info.pt@ssab.com | info.turkiye@ssab.com | info.za@ssab.com | abderrahim.saadni@ssab.com | australia@ssab.com | bernard.seah@ssab.com | biuro.pl@ssab.com | borlange@ssab.com | cheekheng.soo@ssab.com | dimitar.delchev@ssab.com | edmunds.skaubitis@ssab.com | firmapost.norge@ssab.com | fredrik.sundstrom@ssab.com | ichizo.oku@ssab.com | jannes.maeots@ssab.com | jose.moutinho@ssab.com | justas.gaizutis@ssab.com | kontakt@ssab.com | koonbk@ssab.com | lee.bradshaw@ssab.com | mark.dao@ssab.com | martin.steudel@ssab.com | matija.zegrec@ssab.com | metals.hungary@ssab.com | mostafa.hussein@ssab.com | nebojsa.bogojevic@ssab.com | nfirmapost.norge@ssab.com | ozgur.yalcin@ssab.com | raymond.rautenbach@ssab.com | romania@ssab.com | rustam.muminov@ssab.com | ryan.sanders1@ssab.com | ssab.italia@ssab.com | ssabuk@ssab.com | subodh.shinde@ssab.com | u003eborlange@ssab.com | u003ematija.zegrec@ssab.com | u003emostafa.hussein@ssab.com | u003evendas@ssab.com | us_pit_mail_u_m_003547@ssab.com | vendas@ssab.com | yoanita.d@ssab.com | yudai.hizaki@ssab.com,70,SSAB is a Nordic and US-based steel company. SSAB offers value added products and services developed in close cooperatio,www.ssab.com
Transformadores CH S.A.,Pabellón Oro,1198,Chile,No encontrado,ventas@transformadores.cl,ch@transformadores.cl | zonanorte@transformadores.cl,3,"Transformadores CH especialista en dar soluciones a medida a los clientes en la fabricación de transformadores, pad moun",www.transformadores.cl
Transportes y Servicios Mercosur y Cía. Ltda.,Pabellón Oro,1195,Chile,No encontrado,fperez@mercosurspa.cl,,1,,www.mercosurspa.cl
Yprotec SpA,Pabellón Oro,1089,Chile,No encontrado,contacto@yapur.cl,,1,Yprotec - Distribuidora oficial de GRACO en Chile. Soporte técnico y comercial en todo el país.,www.yprotec.cl
Boyuan Safety Chile,Pabellón Plata,296,Chile,No encontrado,vrojas@boyuansafety.cl,,1,Elementos de Protección Industrial – COLOMBIA | CHILE Saltar al contenido Nuevo Fono ATLAS Protector auditivo tipo copa ,www.boyuansafety.com
Brain Treatment Center Chile,Pabellón Plata,484,Chile,No encontrado,contacto@braintreatmentcenter.cl,,1,Terapia MeRT en Chile con tecnología de neuromodulación personalizada basada en mapeo cerebral. Terapia Libre de Fármaco,www.braintreatmentcenter.cl
Codifil Filtracion Ltda.,Pabellón Plata,625,Chile,No encontrado,ventas@codifil.cl,,1,CODIFIL – Líder en manufacturas textiles industriales para filtración Ir al contenido Menú Fabrica de filtros para proce,www.codifil.cl
Comercial Química Massó Chile SpA,Pabellón Plata,527,Chile,No encontrado,masso@cqmasso.com,,1,"Más de 60 años avalan nuestra experiencia en la fabricación, formulación y distribución de productos de marcas represent",www.cqmasso.com
Crosspipe Systems S.A.,Pabellón Plata,338,Chile,No encontrado,izepeda@crosspipe.cl,,1,Crosspipe provee soluciones en tuberías de polietileno reticulado de diseño único y adaptable con gran resistencia quími,www.crosspipe.cl
Diproseg Ltda.,Pabellón Plata,335,Chile,No encontrado,diproseg@diproseg.cl,,1,"Diproseg - Empresa creada en Antofagasta, Chile. especialistas en la mantención e inspección de extintores portátiles",www.diproseg.cl
Edaltec Ltda.,Pabellón Plata,345,Chile,No encontrado,contacto@edaltec.cl,,1,EDALTEC es una empresa internacional líder en el desarrollo de soluciones integrales para el área de energía. ¡Visita nu,www.edaltec-group.com
Flow Systems SpA,Pabellón Plata,486,Chile,No encontrado,contacto@flow-systems.cl,,1,sistemas de riego mineria y agricultura,www.flow-systems.cl
Foxmin Ltda.,Pabellón Plata,521,Chile,No encontrado,contacto@foxmin.cl,,1,"Foxmin Search ... $ 0 0 Carrito Lithium LT 502: Comodidad que Eleva tu Desempeño Rendimiento superior, confort absoluto ",www.foxmin.cl
Grupo Belator,Pabellón Plata,613,Chile,No encontrado,contacto@belator.cl,contacto@grupobelator.cl,2,"Entregamos proyectos de seguridad integrados, en sectores donde es necesaria la protección de infraestructura crítica de",www.grupobelator.cl
Grupo Maritex,Pabellón Plata,377-428,Chile,No encontrado,ecommerce@grupomaritex.cl,ejemplo@mail.com,2,Maritex Despacho gratis por compras mayores a $29.990 en la Región Metropolitana Entrar Ropa de Trabajo Ropa Corporativa,www.maritex.cl
GSP-Chile,Pabellón Plata,533-534,Santiago,No encontrado,soporteventas@gsp-chile.com,info@gsp-chile.com,2,Productos de alta calidad y certificados,www.gsp-chile.com
Ingemecanic Ingeniería SpA,Pabellón Plata,485,Chile,No encontrado,williams.rebolledo@ingemecanic.cl,,1,"INGEMECANIC – Mecánica, Piping, Estructuras, Obras Civiles y Electro-control, ofreciendo el desarrollo integral de proye",www.ingemecanic.cl
Intronica Ltda. - Fluke,Pabellón Plata,282,Santiago,No encontrado,ventas@intronica.com,bodega@intronica.com,2,Instrumentos de medición para variables eléctricas y electrónicas. Distribuidor Master de Fluke y Tektronix en Chile.,www.intronica.com
Klinger Chile,Pabellón Plata,523,Santiago,No encontrado,gral@klinger.cl,gral@saidi.es,2,KLINGER Chile es una empresa de referencia en el Control de Fluidos. Formamos parte del Grupo KLINGER® acreditada pioner,www.klinger.cl
Krah America Latina S.A.,Pabellón Plata,432-434,Santiago,No encontrado,immo@reichenbaecher.eu,,1,Home Herzlich willkommen bei Immobilien Claudia Reichenbächer Ihre Service-Adresse für Immobilien in Landsberg am Lech u,www.krah.eu
Metaservice Ltda.,Pabellón Plata,556,Chile,No encontrado,contacto@metaservice.cl,,1,"Metaservice ofrece soluciones avanzadas para data centers, seguridad de redes y telecomunicaciones. TecnologÃ­a confiabl",www.metaservice.cl
Pavimentos Quilín Ltda.,Pabellón Plata,529,Chile,No encontrado,ventas@quilin.cl,,1,Quilin | Más de 40 años en soluciones de ingeniería y construcción Somos una de las empresas líderes en Chile en constru,www.quilin.cl
Reicotex Tecnología SpA,Pabellón Plata,517,Chile,No encontrado,reicotex@reicotex.cl,santiago.reicotex@reicotex.cl,2,,www.reicotex.cl
Rivet Ltda.,Pabellón Plata,557-587,Chile,No encontrado,info@rivet.cl,,1,RIVET » Productos Transporte de Minerales Ver Productos Productos Clasificación de Minerales y Protección de Superficies,www.rivet.cl
Rocktrain SpA,Pabellón Plata,624,Chile,No encontrado,contacto@rocktrain.cl,,1,,www.rocktrain.cl
Rodamendez Ltda.,Pabellón Plata,346-402,Chile,No encontrado,contacto@rodamendez.cl,,1,"Rodamendez | Rodamientos, Chumaceras, Soportes, Manguitos, Cadenas, Piñones, Correas, Poleas, Conexiones, Acoples, Bujes",www.rodamendez.cl
Segusa Chile SpA,Pabellón Plata,618,Chile,No encontrado,gerenciacomercial@segusachile.cl,ventas5@segusachile.cl | ventas@segusachile.cl,3,Inicio - Segusa Chile TU SEGURIDAD... NUESTRA PRIORIDAD Somos una empresa con una sólida trayectoria de más de 25 años c,www.segusachile.cl
Sotrafa S.A.,Pabellón Plata,483,Chile,No encontrado,info@sotrafa.com,,1,En Sotrafa producimos una amplia gama de plásticos agrícolas y geomembranas. Conoce sus usos y cuál se adapta mejor a tu,www.sotrafa.com
Vertical Mine Chile SpA,Pabellón Plata,435,Chile,No encontrado,mrodriguez@vmc.cl,nombre@correo.com | srojas@vmc.cl | jperez@rentalminechile.cl | lfbeltran@rentalminechile.cl | contacto@vmc.cl,6,,www.verticalminechile.cl
Yura Chile,Pabellón Plata,574-575,Chile,No encontrado,contacto@yura.cl,ventas.arica@yura.cl | ventas.iquique@yura.cl | logistica.arica@yura.cl | logistica.iquique@yura.cl,5,"Cemento Yura Chile, empresa Chilena de capitales Peruanos con más de 52 años de experiencia en el sector construcción, y",www.yura.cl
Atecmin Ltda.,Pabellón Yodo,742,Chile,No encontrado,ventas@atecmin.cl,,1,"Venta de productos y servicios asociados a la señalización de advertencia para la minería, vehículos, concesionarias e i",www.atecmin.cl
BCM Servicios Mineros,Pabellón Yodo,706,Santiago (Quinta Normal),No encontrado,ventas@bcmservicios.cl,,1,"BCM Inicio - BCM SUMINISTRO DE PIEZAS, PARTES Y COMPONENTES PARA EQUIPOS DE MINERÍA Especializados en equipos Epiroc, Sa",www.bcmservicios.cl
Bombas de Pozo Ltda.,Pabellón Yodo,804,Santiago (Colina),Aarón Villalonga (Gte. Comercial),ventas@bombasdepozo.cl,,1,"Bombas de Pozo: liderazgo y más de 30 años de experiencia. Bombas sumergibles, tuberías flexibles, productos de fabricac",www.bombasdepozo.cl
CMS Cepcor Chile SpA,Pabellón Yodo,626,Santiago,No encontrado,sales@cmscepcor.com,,1,"CMS Cepcor is Europe's leading aftermarket manufacturer and supplier of crusher, screen & asphalt plant parts and servic",www.cepcor.com
Corporación Proloa,Pabellón Yodo,760,Antofagasta,No encontrado,secretaria@proloa.cl,,1,"Proloa – Corporación sin fines de lucro Ir al contenido admin julio 16, 2024 7:35 pm FONDO EMPRÉNDETE 2026 DESCARGA BASE",www.proloa.cl
Danus Conexiones SpA,Pabellón Yodo,630,Chile,No encontrado,ventas@danus.cl,,1,Inicio2020 Catalogo Danus Suscríbete y descarga totalmente gratis nuestro nuevo catalogo Danus DESCARGA GRATIS Enviar li,www.danus.cl
Datamine Chile S.A.,Pabellón Yodo,764,Santiago (Providencia),Cristian García Pino (Country Manager),cristian.garcia@dataminesoftware.com,,1,Datamine is a leading software provider that enables efficient & sustainable mining through the application of world-lea,www.dataminesoftware.com
DMI Projects Global Logistics Ltda.,Pabellón Yodo,738,Chile,No encontrado,dmichea@dmiprojects.cl,mfernandez@dmiprojects.cl | corias@dmiprojects.cl | comercial@dmiprojects.cl,4,,www.dmiprojects.cl
Endress + Hauser Chile Ltda.,Pabellón Yodo,690,Santiago (Huechuraba),No encontrado,info.cl@endress.com,,1,Challenge Validation,www.cl.endress.com
Eurocomercial Sistemas Contra Incendios,Pabellón Yodo,800,Chile,No encontrado,info@eurocomercial.cl,,1,"Euro Comercial, Sistemas contra Incendios en Chile. Diseño, ingeniería, mantención y venta de extintores, gabinetes, man",www.eurocomercial.cl
Hormigones Copat Ltda.,Pabellón Yodo,682,Antofagasta,No encontrado,contacto@copat.cl,,1,"Hormigones de Concreto en Antofagasta. Ofrecemos mezclas certificadas, entrega puntual y soluciones confiables para cons",www.copat.cl
"Mine Partner Soluciones Generales Para La Minería, S.A.",Pabellón Yodo,737,Chile,No encontrado,ventas@minepartner.cl,,1,"ReparaciÃ³n de Herramientas en Antofagasta, FabricaciÃ³n y restauraciÃ³n de equipos mineros. Arriendo camiÃ³n tolva",www.minepartner.cl
MT Equipos SpA,Pabellón Yodo,793,Chile,No encontrado,ventas@mtmingenieria.cl,martin.tapia@mtmingenieria.cl,2,"construccion maquinas minera, mining machine making",www.mtmingenieria.cl
Prein Chile Ltda.,Pabellón Yodo,744-745,Chile,No encontrado,contactos@preinchile.cl,,1,PREIN CHILE - PRESTACIONES INDUSTRIALES CHILE Prein Chile - Prestaciones Industriales +56 2 24957755 Prestaciones Indust,www.preinchile.cl
Prodalam Minería,Pabellón Yodo,807-808,Santiago,No encontrado,ventas@prodalam.cl,altohospicio@prodalam.cl | angol@prodalam.cl | antofagasta@prodalam.cl | arica@prodalam.cl | ayuda@prodalam.cl | calama@prodalam.cl | castro@prodalam.cl | chillan@prodalam.cl | chillannorte@prodalam.cl | concon@prodalam.cl | copiapo@prodalam.cl | coquimbo@prodalam.cl | coronel@prodalam.cl | coyhaique@prodalam.cl | curico@prodalam.cl | iquique@prodalam.cl | lacalera@prodalam.cl | laserena@prodalam.cl | launion@prodalam.cl | linares@prodalam.cl | llanquihue@prodalam.cl | losangeles@prodalam.cl | melipilla@prodalam.cl | osorno@prodalam.cl | ovalle@prodalam.cl | puertomontt@prodalam.cl | puntaarenas@prodalam.cl | rancagua@prodalam.cl | renca@prodalam.cl | salamanca@prodalam.cl | sanfelipe@prodalam.cl | sanfernando@prodalam.cl | sanignacio@prodalam.cl | sanvicente@prodalam.cl | seguridadelectronica@prodalam.cl | talca@prodalam.cl | talcahuano@prodalam.cl | temuco@prodalam.cl | valdivia@prodalam.cl | villaalemana@prodalam.cl | villarrica@prodalam.cl,42,"Especialistas en Aceros, Mallas, Alambres, Cercos, Contención y Fortificación, Construcción y Terminaciones, Clavos y Fi",www.prodalam.cl
Resolutions - Soluciones Integrales de Comunicación,Pabellón Yodo,705,Chile,No encontrado,ventas@resolutions.cl,,1,"Soluciones Tecnológicas en comunicación, seguridad y operación continua Resolutions - Trabajamos con marcas líderes en T",www.resolutions.cl
Sattel Chile,Pabellón Yodo,762,Chile,No encontrado,contacto@sattelchile.cl,rzuniga@marketing-lab.cl,2,"Empresa de diseño, desarrollo e implementación de soluciones tecnológicas para la minería nacional e internacional.",www.sattelchile.cl
Schussler S.A.,Pabellón Yodo,746,Chile,No encontrado,ventas@schussler.cl,,1,Schussler S.A – Empresa nacional de productos de ingeniería Ir al contenido Schussler S.A Empresa nacional de productos ,www.schussler.cl
Stec SpA,Pabellón Yodo,659,Chile,No encontrado,contacto@stecindustrial.cl,,1,"Servicios a Sectores industriales en el área de servicios y mantenimiento industrial, como también el suministro de equi",www.stecindustrial.cl
Tiar Ltda. - Cidra,Pabellón Yodo,752,Chile,No encontrado,tiar@tiar.cl,,1,"Representamos Tecnología de Clase MundialDistribuimos equipos de marcas como KROHNE, Bronkhorst y Sitelab, reconocidas p",www.tiarltda.cl
Ventas Técnicas Ltda.,Pabellón Yodo,684,Chile,No encontrado,contacto@ventastecnicas.cl,contacto@ventastecnicas.pe,2,Ventas técnicas Enter your keyword Search Expertos en Call Center Reconocidos por su alta performance y especialización ,www.ventastecnicas.cl
Veto y Cía.,Pabellón Yodo,660,Chile,No encontrado,ventas@veto.cl,,1,PRODUCTOS Servicios Distribuidores Blog Contáctenos CATÁLOGO OUTLET Nivel Flujo Presión Temperatura Análisis de Líquido ,www.veto.cl
